<?xml version="1.0"?>
<!-- If your plugin wants to add menu items to it's submenu off the new Extensions menu,
	 define them here. Each should have a unique menu id, a Name, and an Action. The last
	 is a method name in your python file that will be called when the user selects that
	 menu item. Note - nothing will be returned to the client, so if you need to communicate
	 back to the user you can post information into the Event Log.
-->
<MenuItems>
    <SupportURL>https://github.com/kris10an/ZEAL/wiki</SupportURL>
	<MenuItem id="resetTriggerBatteryLevel">
		<Name>Reset triggering on battery level...</Name>
		<ConfigUI actionId="resetTriggerBatteryLevel"/>
	</MenuItem>
	<MenuItem id="printNodeStatsToLog">
		<Name>Output Z-wave node statistics to Indigo log</Name>
		<CallbackMethod>printNodeStatsToLogEmail</CallbackMethod>
	</MenuItem>
	<MenuItem id="resetNodeStats">
		<Name>RESET ALL Z-wave node statistics...</Name>
		<ConfigUI>
			<Field id="resetNodeStatsLabel" type="label">
				<Label>Pressing the button will reset all Z-wave node statistics</Label>
			</Field>
        	<Field id="resetNodeStats" type="button" tooltip="Will reset all Z-wave node statistics">
				<Title>Reset statistics</Title>
				<CallbackMethod>resetNodeStats</CallbackMethod>
			</Field>
		</ConfigUI>
	</MenuItem>
</MenuItems>
